date,spread_10y_2y_ma3,spread_10y_3m_ma3,cpi_yoy_pct_ma3,indpro_yoy_pct_ma3,unrate_chg_3m_ma3,UNRATE,recession_next_6m
1981-11-30,-0.33915343915343854,0.893677248677248,10.272140309745259,1.4263724992400286,0.5666666666666668,8.3,1
1981-12-31,0.18348003848003933,1.7899543049543045,9.587674308185493,-0.7885043074784845,0.8333333333333336,8.5,1
1982-01-31,0.32373400673400593,2.042906685906685,8.916119007772812,-2.7636889884403755,0.8333333333333334,8.6,1
1982-02-28,0.020771043771044145,1.409202982202982,8.260851378206112,-3.0042047279316773,0.7333333333333331,8.9,1
1982-03-31,-0.23494041867954962,0.7895442834138476,7.5851309813608205,-3.0606223483974646,0.5999999999999996,9.0,1
1982-04-30,-0.35376581550494574,0.4065919024614673,7.040095166192491,-2.810128936835765,0.6000000000000002,9.3,1
1982-05-31,-0.2726732229123545,0.6607215320910965,6.8061925953334,-3.745067474399392,0.566666666666667,9.4,1
1982-06-30,-0.21696176046176183,0.885517316017315,6.905340793829332,-4.541578108081971,0.6000000000000002,9.6,1
1982-07-31,-0.05712049062049177,1.4040887445887436,6.883875380742791,-5.489347534409942,0.5333333333333332,9.8,1
1982-08-31,0.2381673881673875,2.4538311688311683,6.56833011093929,-6.287278081559447,0.5,9.8,1
1982-09-30,0.4787085137085138,3.4289249639249637,5.821197876248388,-6.768752184312828,0.4666666666666668,10.1,1
1982-10-31,0.6686926406926403,3.714305916305916,5.312778831303906,-6.998135847177249,0.5,10.4,1
1982-11-30,0.6764837092731829,3.0964670008354216,4.816885197520548,-6.718590030888264,0.6999999999999998,10.8,1
1982-12-31,0.7838213716108449,2.493494417862838,4.445149725547762,-6.399768589984434,0.7666666666666669,10.8,0
1983-01-31,0.9206626414521152,2.2938277511961718,4.003652126980157,-4.7668677168456535,0.566666666666667,10.4,0
1983-02-28,1.031890711627554,2.3359330143540666,3.6726776435367583,-4.248126173736811,0.10000000000000024,10.4,0
1983-03-31,1.0227932149213619,2.1724942791762007,3.5942002398296142,-3.3593882221014297,-0.3000000000000001,10.3,0
1983-04-30,0.9236186117467587,2.021327612509534,3.691657866948257,-3.0159572819464384,-0.36666666666666714,10.2,0
1983-05-31,0.8577957211870254,1.8725807453416141,3.6771231912862423,-1.3997953032428712,-0.3333333333333339,10.1,0
1983-06-30,0.7965901875901871,1.8266255411255408,3.3051037557020018,0.026141072126114384,-0.23333333333333428,10.1,0
1983-07-31,0.7499235209235202,1.840292207792207,2.758095208693456,1.3537225425507098,-0.43333333333333357,9.4,0
1983-08-31,0.7114901185770742,1.9145158102766786,2.429900217109115,2.9854522848731357,-0.5333333333333332,9.5,0
1983-09-30,0.7771538992408544,2.1089458247066926,2.52634525715385,4.922117246824339,-0.7666666666666663,9.2,0
1983-10-31,0.8698205659075207,2.3174458247066934,2.657451663489614,6.867604812420484,-0.6999999999999998,8.8,0
1983-11-30,0.953199665831244,2.4747761069340015,2.8930402694540125,8.368059591241845,-0.8333333333333334,8.5,0
1983-12-31,0.996215538847118,2.5346173767752718,3.234220753930302,9.716241060932092,-0.8333333333333327,8.3,0
1984-01-31,1.0168504594820391,2.4871094402673353,3.7468202047835333,10.489397981194065,-0.8999999999999998,8.0,0
1984-02-29,1.027201336675022,2.4216708437761074,4.25702428641618,11.379661226763782,-0.7999999999999998,7.8,0
1984-03-31,1.0310974405711253,2.407551074656338,4.625645280806008,11.693601329873209,-0.6666666666666673,7.8,0
1984-04-30,1.0029625199362044,2.4575590111642747,4.713833260774006,11.711279369603778,-0.5000000000000003,7.7,0
1984-05-31,0.9635606060606055,2.7251666666666665,4.594099883552149,11.309314438658335,-0.4000000000000001,7.4,0
1984-06-30,0.8474422799422788,3.0161118326118324,4.405096341402203,10.948403760550917,-0.43333333333333296,7.2,0
1984-07-31,0.6931962481962474,3.106421356421356,4.3230834627434005,10.394734416905026,-0.39999999999999974,7.5,0
1984-08-31,0.47423050379571957,2.6498205659075214,4.310092421526563,9.474107199885392,-0.2333333333333334,7.5,0
1984-09-30,0.3614652573462636,2.1246409502015897,4.295730018689888,8.021259399995728,-2.9605947323337506e-16,7.3,0
1984-10-31,0.38669613757714316,1.8594677900284289,4.281481945824583,6.736408465665142,0.033333333333333215,7.4,0
1984-11-30,0.6006778309409881,2.1368819776714503,4.234348070797529,5.802579568049278,-0.09999999999999994,7.2,0
1984-12-31,0.9340462519936198,2.6152679425837313,4.15452273047571,5.327037766108163,-0.13333333333333316,7.3,0
1985-01-31,1.2316725146198824,3.05806015037594,3.9078833738951224,4.4338904238801495,-0.13333333333333344,7.3,0
1985-02-28,1.3715555555555554,3.1593174603174603,3.7251950892754526,3.5228831604039335,-0.03333333333333351,7.2,0
1985-03-31,1.313015873015873,3.1137301587301587,3.6407600754840836,2.6609137679445247,-0.06666666666666672,7.2,0
1985-04-30,1.2771428571428576,3.0632539682539686,3.659375287051173,2.214961000543418,-0.033333333333333215,7.3,0
1985-05-31,1.3136075036075034,3.1172438672438667,3.648922423814175,1.6913163874001251,-0.033333333333333215,7.2,0
1985-06-30,1.4221471861471862,3.1008311688311685,3.607032131397443,1.143477932693208,0.06666666666666672,7.4,0
1985-07-31,1.4847878787878788,3.0266969696969697,3.5658363566146556,0.6189909049255206,0.10000000000000024,7.4,0
1985-08-31,1.463272727272728,2.975939393939394,3.4917067547489165,0.29525359011578134,0.06666666666666672,7.1,0
1985-09-30,1.4372727272727268,2.9972727272727266,3.3526923752955327,0.32351965433542107,-0.10000000000000024,7.1,0
1985-10-31,1.3834848484848479,2.9457575757575754,3.2782927138414046,0.5021696882129465,-0.23333333333333398,7.1,0
1985-11-30,1.3209330143540665,2.7270574162679417,3.3320526335017138,0.6188290655303206,-0.2333333333333337,7.0,0
1985-12-31,1.2283933318143845,2.356739955950482,3.513417882290477,0.8347877356401968,-0.16666666666666666,7.0,0
1986-01-31,1.121445279866333,2.0420718462823726,3.759583102841494,1.3446317608303247,-0.1999999999999996,6.7,0
1986-02-28,0.9668838763575606,1.7448788638262318,3.654491318017294,1.5180832357309828,-0.09999999999999964,7.2,0
1986-03-31,0.7840902255639097,1.440029657477025,3.108520937391179,1.0893523118517991,2.9605947323337506e-16,7.2,0
1986-04-30,0.634977671451356,1.1639401913875593,2.313612641709224,0.5883574731761415,0.2666666666666666,7.1,0
1986-05-31,0.6034906204906211,1.1509660894660894,1.8071491922584535,0.4195486884469914,0.19999999999999987,7.2,0
1986-06-30,0.6204112554112561,1.2804184704184711,1.6784437949353428,0.4222966967755705,0.13333333333333316,7.2,0
1986-07-31,0.6313203463203466,1.3604184704184705,1.7059518434258711,0.6822381957664531,-0.033333333333333215,7.0,0
1986-08-31,0.6970346320346321,1.3956565656565656,1.6714279844999211,0.7765311409286936,-0.13333333333333316,6.9,0
1986-09-30,0.8592568542568543,1.626450216450216,1.6681579718071118,0.9618269738816189,-0.19999999999999987,7.0,0
1986-10-31,1.0294083694083696,1.8929653679653675,1.6333283332394952,1.0174564047745047,-0.16666666666666666,7.0,0
1986-11-30,1.0741967291967287,1.9829918229918224,1.5362852562030547,1.2544359881755878,-0.06666666666666672,6.9,0
1986-12-31,0.9873569023569019,1.7612457912457906,1.3461461860315413,1.514362085555632,-0.13333333333333344,6.6,0
1987-01-31,0.8910993265993262,1.5623518518518515,1.2788318142174768,1.2222851051187886,-0.2666666666666669,6.6,0
1987-02-28,0.8506802232854863,1.478657894736842,1.488801177423774,1.5959671496373342,-0.36666666666666714,6.6,0
1987-03-31,0.8450741626794258,1.4962336523125999,2.0402062670808125,2.269930528756618,-0.2333333333333337,6.6,0
1987-04-30,0.8917646388699021,1.729781271360219,2.8118648153582293,3.4163496382282443,-0.20000000000000018,6.3,0
1987-05-31,0.891387445887446,2.1521233766233765,3.397002485791074,4.048348215496441,-0.19999999999999987,6.3,0
1987-06-30,0.8930541125541124,2.507123376623376,3.6990974615246137,4.707174416768509,-0.33333333333333304,6.2,0
1987-07-31,0.8950454545454539,2.6273181818181808,3.7814600726518237,5.207227816783803,-0.2999999999999998,6.1,0
1987-08-31,0.9470851370851365,2.547532467532467,3.9876588717321653,5.869430540202935,-0.2999999999999998,6.0,0
1987-09-30,1.0300865800865802,2.6317821067821066,4.16266302662663,6.2585306046041325,-0.2666666666666666,5.9,0
1987-10-31,1.0693650793650802,2.8322222222222226,4.3055884396711335,6.958408885304341,-0.2333333333333331,6.0,0
1987-11-30,1.1227903091060993,2.9800167084377613,4.385809886125521,7.359461561666696,-0.19999999999999987,5.8,0
1987-12-31,1.1400918964076858,3.055918584339637,4.405610783182733,7.5734943635447785,-0.16666666666666666,5.7,0
1988-01-31,1.1112280701754378,2.8865869218500797,4.330126461656447,7.584873700061057,-0.2333333333333334,5.7,0
1988-02-29,1.065763157894736,2.6862448165869215,4.132331054053151,7.275701555146752,-0.19999999999999987,5.7,0
1988-03-31,1.0567776506483595,2.511343630816171,3.965768421998908,7.140676640885901,-0.13333333333333316,5.7,0
1988-04-30,1.0878478260869564,2.502826086956522,3.9203142868673795,6.868743932057065,-0.13333333333333316,5.4,0
1988-05-31,1.108458937198068,2.591246721877157,3.9358814870404633,6.591040155237664,-0.13333333333333344,5.6,0
1988-06-30,1.0392626262626272,2.509178210678211,3.979986700878771,6.197014936437003,-0.2333333333333334,5.4,0
1988-07-31,0.9219292929292937,2.3333448773448775,4.025703772761397,5.588136445314621,-0.13333333333333344,5.4,0
1988-08-31,0.7680645586297766,2.1087140974967067,4.068932145026075,5.187843744064879,-0.09999999999999994,5.6,0
1988-09-30,0.6408495514147692,1.8559723947550042,4.142289572369572,4.62185632807646,0.0,5.4,0
1988-10-31,0.529016218081436,1.5528057280883376,4.185895186082929,3.981098647107654,0.0,5.4,0
1988-11-30,0.41726984126984173,1.2105158730158738,4.230600025476557,3.342824534542403,-0.09999999999999994,5.3,0
1988-12-31,0.2517142857142864,0.9632142857142861,4.3062449303434756,2.9135352915090285,-0.13333333333333344,5.3,0
1989-01-31,0.07654761904761938,0.7413809523809528,4.380207948834225,2.900439310086489,-0.13333333333333344,5.4,0
1989-02-28,-0.08982957393483677,0.5407493734335839,4.513894465139604,2.6488254364585724,-0.06666666666666672,5.2,0
1989-03-31,-0.20281658692185012,0.3601866028708134,4.6742075173991315,2.435107732315045,-0.13333333333333316,5.0,0
1989-04-30,-0.2668165869218502,0.25351993620414603,4.857997874780168,1.912202056622492,-0.19999999999999987,5.2,0
1989-05-31,-0.25215151515151507,0.1838787878787874,5.06780976672485,1.587538549624638,-0.16666666666666666,5.2,0
1989-06-30,-0.18790909090909066,0.05963636363636304,5.16007232097911,1.1616803365235777,0.033333333333333215,5.3,0
1989-07-31,-0.02957575757575744,-0.054196969696970264,5.169792803115025,0.6080560953695618,0.09999999999999994,5.2,0
1989-08-31,0.01257839262187114,-0.11438801054018495,4.951543801386678,0.33726047956840216,0.09999999999999994,5.2,0
1989-09-30,0.024275362318840976,-0.00329710144927553,4.706762107416984,0.16623149316690564,0.0,5.3,0
1989-10-31,-0.03253416149068252,0.07556797791580443,4.548050382104395,0.1359346960913852,0.033333333333333215,5.3,0
1989-11-30,0.004380952380952745,0.07152380952381006,4.559110500249744,-0.02093991811539227,0.09999999999999994,5.4,0
1989-12-31,0.0553809523809529,-0.001642857142856613,4.627262459011919,-0.14586953945131528,0.13333333333333344,5.4,0
1990-01-31,0.08633333333333375,0.06518253968253962,4.830883738571071,-0.3483747839419995,0.13333333333333375,5.4,0
1990-02-28,0.09435338345864785,0.24537468671679244,5.0335933388394,-0.1343482788935811,0.03333333333333351,5.3,0
1990-03-31,0.061959444064707846,0.39942014126224673,5.232831190776924,0.13094323429199153,-0.06666666666666672,5.2,1
1990-04-30,0.0419832535885174,0.5448963317384378,5.070696780747785,0.579266975907078,-0.10000000000000024,5.4,1
1990-05-31,0.04640909090909062,0.6383333333333331,4.771444203062665,0.8732021675846525,-0.033333333333333215,5.4,1
1990-06-30,0.10215223665223643,0.6632323232323234,4.583555671868299,1.2014300383821306,0.03333333333333351,5.2,1
1990-07-31,0.18641414141414062,0.6137878787878787,4.619442517381947,1.8831124505591694,0.06666666666666672,5.5,1
1990-08-31,0.3782125603864734,0.7160869565217395,5.065246211814759,2.0573609050614894,0.13333333333333316,5.7,1
1990-09-30,0.6064247575460389,0.9833968980422068,5.5639867160951475,2.2238058389831656,0.36666666666666653,5.9,1
1990-10-31,0.7822689133901953,1.224356494001803,6.084089455601823,1.966391464423504,0.4666666666666668,5.9,1
1990-11-30,0.8160007974481654,1.2387695374800636,6.2482834303358095,1.3782691038881598,0.5333333333333335,6.2,1
1990-12-31,0.7984393939393936,1.182181818181818,6.276642343789728,0.25505232968112335,0.4333333333333333,6.3,1
1991-01-31,0.8400555555555552,1.3028095238095236,6.0324668426482795,-0.6551148262361434,0.4666666666666665,6.4,1
1991-02-28,0.9051871345029244,1.5151165413533836,5.738169119587657,-1.5599740081925253,0.43333333333333296,6.6,1
1991-03-31,0.9871871345029245,1.8121165413533837,5.260236559631636,-2.3860382978291184,0.4666666666666665,6.8,1
1991-04-30,1.0286012759170653,1.9895191387559807,4.981193677932793,-3.10240149868863,0.39999999999999974,6.7,0
1991-05-31,1.1273333333333329,2.221409090909091,4.888645911343584,-3.0747413882799814,0.36666666666666686,6.9,0
1991-06-30,1.234333333333333,2.3935757575757584,4.846902272359805,-2.5475549781697153,0.2333333333333337,6.9,0
1991-07-31,1.3223636363636366,2.496303030303031,4.699530910200189,-2.0409804126474156,0.16666666666666696,6.8,0
1991-08-31,1.3832727272727274,2.48569696969697,4.2877093758775375,-1.854144110134137,0.06666666666666672,6.9,0
1991-09-30,1.430106060606061,2.40019696969697,3.8544782014375976,-1.5631172146840473,0.033333333333333215,6.9,0
1991-10-31,1.5167727272727276,2.3539848484848487,3.3480647415008957,-1.2453544029708403,0.06666666666666672,7.0,0
1991-11-30,1.64730701754386,2.462525518341308,3.1037896893835915,-0.4395526026932641,0.09999999999999994,7.0,0
1991-12-31,1.8454260651629077,2.6717874231032126,2.965256194834016,0.1930238249119792,0.2333333333333331,7.3,0
1992-01-31,1.998521303258146,2.9194569757727655,2.906599554334676,0.5833382759681743,0.26666666666666633,7.3,0
1992-02-29,2.0876441102756895,3.1394569757727653,2.824074273338113,1.0879408014512002,0.36666666666666653,7.4,0
1992-03-31,2.0191159717475506,3.305907192222982,2.893835955932399,1.9972814535644703,0.2666666666666669,7.4,0
1992-04-30,2.039750892382471,3.4776532239690137,3.06390987077015,3.143692524803558,0.20000000000000048,7.4,0
1992-05-31,2.053321067821068,3.572688311688312,3.1321124448155415,3.592091894729085,0.13333333333333344,7.6,0
1992-06-30,2.172108946608947,3.6104155844155845,3.0737107458570274,3.292779081986571,0.2333333333333331,7.8,0
1992-07-31,2.2897424242424242,3.584939393939394,3.0651421940002614,3.0415636533323656,0.29999999999999954,7.7,0
1992-08-31,2.3651948051948053,3.4894949494949494,3.082166110984011,2.808572973156424,0.2333333333333331,7.6,0
1992-09-30,2.467633477633478,3.466111111111111,3.0748310601753714,2.6776618773600824,0.033333333333333215,7.6,0
1992-10-31,2.4733333333333336,3.496507936507937,3.1157515609538198,2.5770240466453895,-0.20000000000000018,7.3,0
1992-11-30,2.4402756892230575,3.5900751879699246,3.1310161843567825,2.8530645707586717,-0.2666666666666666,7.4,0
1992-12-31,2.2987461076934763,3.6007317536264907,3.122354243025596,3.5134863520772552,-0.26666666666666633,7.4,0
1993-01-31,2.2000159489633178,3.558317384370016,3.1136584808657624,4.242026195383464,-0.13333333333333286,7.3,0
1993-02-28,2.155629984051037,3.4246331738437004,3.155754749377133,4.707838524851442,-0.16666666666666666,7.1,0
1993-03-31,2.1320594965675057,3.252044241037376,3.1733199460813206,4.620802720232269,-0.2333333333333337,7.0,0
1993-04-30,2.1060277505357594,3.088744324579565,3.1408494159402607,4.0503758684112565,-0.30000000000000043,7.1,0
1993-05-31,2.072018978605935,3.003472394755003,3.1323277538752925,3.314957001252509,-0.20000000000000018,7.1,0
1993-06-30,1.9964985569985567,2.9559098124098124,3.125143812652253,2.96494809715084,-0.06666666666666672,7.0,0
1993-07-31,1.863641414141414,2.8409891774891776,3.0220073406344024,2.560386943054934,-0.06666666666666643,6.9,0
1993-08-31,1.7362626262626264,2.6999134199134196,2.8952476174179798,2.549102439025408,-0.16666666666666638,6.8,0
1993-09-30,1.6408513708513706,2.544329004329004,2.8172937816693864,2.5466219244306365,-0.26666666666666633,6.7,0
1993-10-31,1.5495735930735932,2.3935670995670995,2.7857332780072848,2.784988873725821,-0.2333333333333334,6.8,0
1993-11-30,1.5136190476190476,2.379309523809524,2.753612279137522,2.899683089913585,-0.20000000000000018,6.6,0
1993-12-31,1.5299393939393944,2.4776212121212122,2.7692674756749853,3.091022993478939,-0.16666666666666696,6.5,0
1994-01-31,1.580272727272728,2.632287878787879,2.668829747066718,3.229620163245843,-0.20000000000000018,6.6,0
1994-02-28,1.557088516746412,2.664998405103668,2.59255547244687,3.196590453514899,-0.13333333333333344,6.6,0
1994-03-31,1.5322795575896262,2.746790236460717,2.539494382065976,3.3985934795309056,-0.06666666666666672,6.5,0
1994-04-30,1.4696567505720821,2.908649885583524,2.5106325823623186,3.7432527512460028,-0.06666666666666643,6.4,0
1994-05-31,1.3750869928444296,2.999677454505829,2.434887562488337,4.525744771577097,-0.2333333333333331,6.1,0
1994-06-30,1.269289891395154,2.986521986785144,2.3825618995555606,5.085461192245463,-0.36666666666666653,6.1,0
1994-07-31,1.1844126984126981,2.8698290043290036,2.4940842144456865,5.4875482268075,-0.40000000000000036,6.1,0
1994-08-31,1.1322318840579706,2.7727068511198945,2.698105639568863,5.8755062528341915,-0.2666666666666669,6.0,0
1994-09-30,1.0971525189786056,2.7238540372670808,2.855010555094472,6.029936070892205,-0.19999999999999987,5.9,0
1994-10-31,1.0463191856452723,2.6573540372670807,2.8253199458190927,6.257481485232113,-0.1999999999999996,5.8,0
1994-11-30,0.9622539682539681,2.617904761904762,2.7260490257656156,6.286286467753233,-0.2999999999999998,5.6,0
1994-12-31,0.6820952380952381,2.3990158730158733,2.6033441444400336,6.542837920732517,-0.36666666666666686,5.5,0
1995-01-31,0.4344285714285716,2.1443492063492067,2.690318573519719,6.732493769672099,-0.33333333333333365,5.6,0
1995-02-28,0.2848934837092729,1.819015873015873,2.77706722653445,6.781383226313516,-0.2666666666666666,5.4,0
1995-03-31,0.3531750572082378,1.5674492753623188,2.8403395535729303,6.378283137812883,-0.16666666666666638,5.4,0
1995-04-30,0.42725400457665835,1.3496948893974066,2.9250684211965443,5.749336986354014,-0.03333333333333292,5.8,0
1995-05-31,0.46189515290201805,1.1013615560640737,3.0102878821048815,5.192052688158814,0.09999999999999994,5.6,0
1995-06-30,0.46960925039872414,0.8462759170653907,3.095413472227,4.8157851275625285,0.1999999999999996,5.6,0
1995-07-31,0.47069696969697034,0.6663636363636366,2.997143031975417,4.515261813481257,0.09999999999999964,5.7,0
1995-08-31,0.48588801054018455,0.7122332015810274,2.830078230853061,4.42960739059216,0.06666666666666672,5.7,0
1995-09-30,0.46563043478260874,0.7903695652173912,2.664283109423193,4.494256947468096,2.9605947323337506e-16,5.6,0
1995-10-31,0.4155034506556241,0.762194962042788,2.6356570748867245,4.411148929789529,-0.033333333333333215,5.5,0
1995-11-30,0.39700793650793614,0.5921190476190477,2.630997618430234,3.9580892604429323,-0.10000000000000024,5.6,0
1995-12-31,0.39550793650793636,0.4767857142857146,2.626475813438733,3.2440922528636285,-0.10000000000000024,5.6,0
1996-01-31,0.4596349206349206,0.44392857142857167,2.641938179699643,2.6161204806472145,-2.9605947323337506e-16,5.6,0
1996-02-29,0.5690000000000003,0.5868015873015876,2.6797914634978226,2.6683633602637222,0.0,5.5,0
1996-03-31,0.6425396825396824,0.8379523809523809,2.78388138826285,2.85127167597733,-0.033333333333333215,5.5,0
1996-04-30,0.6472366522366523,1.145196248196248,2.7978736873916525,3.6901282823447956,-0.06666666666666643,5.6,0
1996-05-31,0.6011760461760464,1.3925901875901878,2.834559119397472,4.081799201549256,0.0,5.6,0
1996-06-30,0.6036363636363644,1.5624393939393946,2.8270947746627777,4.722653924332343,-0.03333333333333351,5.3,0
1996-07-31,0.6174242424242431,1.6103181818181824,2.8439883097054985,5.113702148475948,-0.06666666666666672,5.5,0
1996-08-31,0.605606060606061,1.5647121212121216,2.8390577015651464,5.1333867958994714,-0.2666666666666666,5.1,0
1996-09-30,0.5999393939393943,1.536045454545455,2.900074323344388,5.080661041973818,-0.2333333333333331,5.2,0
1996-10-31,0.6084242424242428,1.4837727272727277,2.959585681304773,4.947389894713702,-0.2999999999999998,5.2,0
1996-11-30,0.5736714513556626,1.346388357256779,3.1065172872591393,5.3258076033988955,-0.03333333333333292,5.4,0
1996-12-31,0.5478301815143922,1.2355232778916994,3.231265700211187,5.730088095338264,0.06666666666666703,5.4,0
1997-01-31,0.5311779448621552,1.236482873851295,3.2233487273584096,6.322530306089939,0.20000000000000018,5.3,0
1997-02-28,0.5374937343358391,1.3175355054302422,3.1497379368924157,6.59116661889609,0.033333333333333215,5.2,0
1997-03-31,0.5215016708437759,1.3669005847953217,2.945223236223074,7.026043069662832,-0.10000000000000024,5.2,0
1997-04-30,0.4769417862838911,1.4227591706539073,2.7439561132993986,6.889417317126811,-0.20000000000000018,5.1,0
1997-05-31,0.4480194805194803,1.5017316017316018,2.479153979262053,6.779377737441968,-0.2333333333333334,4.9,0
1997-06-30,0.4235353535353535,1.5060173160173163,2.3019186506632923,6.293396842569262,-0.2333333333333334,5.0,0
1997-07-31,0.387626262626263,1.3210173160173164,2.2123413613487717,6.415164048951347,-0.2333333333333331,4.9,0
1997-08-31,0.362705627705628,1.155937950937951,2.2297495858400347,6.778325797370193,-0.16666666666666666,4.8,0
1997-09-30,0.3385786435786435,1.056255411255411,2.2250284543116057,7.3511396500662896,-0.13333333333333316,4.9,0
1997-10-31,0.31463924963924966,1.0198917748917748,2.198482465869444,7.935260477323118,-0.13333333333333344,4.7,0
1997-11-30,0.2488720538720539,0.8781721981721979,2.0652434099908055,8.299077145157716,-0.16666666666666666,4.6,0
1997-12-31,0.17119528619528643,0.6715993265993264,1.891124060516428,8.482472692122451,-0.20000000000000018,4.7,0
1998-01-31,0.1477861952861955,0.4878265993265991,1.7395072463042573,8.459018779523896,-0.16666666666666696,4.6,0
1998-02-28,0.14599282296650737,0.4047759170653906,1.5894543154584193,8.11352515928069,-0.10000000000000024,4.6,0
1998-03-31,0.14341706539074975,0.39856379585326945,1.482679321469748,7.631853309653743,-0.03333333333333351,4.7,0
1998-04-30,0.10536150983519417,0.461651097440571,1.4184400920684768,7.129697925065522,-0.09999999999999994,4.3,0
1998-05-31,0.07274747474747449,0.5175721500721501,1.5012250825309728,7.033983484369021,-0.16666666666666638,4.4,0
1998-06-30,0.036232323232323026,0.4798448773448773,1.5833085441197208,6.7748610810578525,-0.2333333333333331,4.5,0
1998-07-31,0.012848484848484887,0.4171969696969698,1.6857208477363341,6.001148814136873,-0.06666666666666643,4.5,0
1998-08-31,0.01762626262626288,0.34668109668109687,1.6618408730008818,5.559987254988701,0.033333333333333215,4.5,0
1998-09-30,0.07233044733044765,0.24512987012987045,1.5964501135180622,5.156741003087654,0.13333333333333316,4.6,0
1998-10-31,0.2173015873015872,0.276031746031746,1.509927513928288,5.1173820025230485,0.06666666666666643,4.5,0
1998-11-30,0.2886466165413533,0.27448621553884706,1.4656990581859721,4.40937229235416,0.0,4.4,0
1998-12-31,0.2880333409280773,0.30134047239310363,1.5257400977317717,4.049617889500612,-0.09999999999999964,4.4,0
1999-01-31,0.1776156299840507,0.24009569377990422,1.5859396161356225,3.758047696799968,-0.16666666666666638,4.3,0
1999-02-28,0.12270334928229627,0.2892185007974482,1.646751819804966,3.9193519589025656,-0.13333333333333316,4.4,0
1999-03-31,0.13634630053394345,0.4618535469107554,1.6872427983539044,4.137869357671934,-0.13333333333333344,4.2,0
1999-04-30,0.16997468968864857,0.6284085708342003,1.8920653767893123,4.319259623596098,-0.06666666666666672,4.3,0
1999-05-31,0.22409749670619217,0.7833471673254279,2.0335167913034575,4.337260513750699,-0.13333333333333344,4.2,0
1999-06-30,0.2578787878787878,0.9560151515151514,2.1125857592613126,4.4710249228407015,-0.03333333333333351,4.3,0
1999-07-31,0.26768398268398236,1.0662604617604616,2.067076906316104,4.981932859818728,-0.03333333333333351,4.3,0
1999-08-31,0.25965367965367925,1.1185786435786433,2.1248638978947088,4.92531389062233,0.033333333333333215,4.2,0
1999-09-30,0.25046176046175983,1.0881673881673881,2.346319715680807,4.564659774847942,-0.033333333333333215,4.2,0
1999-10-31,0.2545808080808077,1.0839372294372291,2.485629812304364,4.0511684131567245,-0.09999999999999994,4.1,0
1999-11-30,0.2249444444444443,0.9976190476190476,2.6042869983302475,4.309520739397088,-0.13333333333333344,4.1,0
1999-12-31,0.19746969696969666,0.9395454545454545,2.619763534264829,4.800341021383125,-0.16666666666666696,4.0,0
2000-01-31,0.18796969696969631,0.9623787878787876,2.6965697870347043,4.907491261776983,-0.13333333333333344,4.0,0
2000-02-29,0.10030303030302938,0.9577121212121206,2.895775996170879,4.717069306186091,-0.09999999999999994,4.1,0
2000-03-31,-0.047246376811594715,0.7823695652173907,3.257688294692913,4.460527965801242,-0.033333333333333215,4.0,0
2000-04-30,-0.2586323417238751,0.45135202135774194,3.331323922039541,4.529551897898998,-0.06666666666666672,3.8,0
2000-05-31,-0.35132931142084445,0.33582171832743946,3.3028432720564838,4.575596359058654,-0.09999999999999994,4.0,0
2000-06-30,-0.38893141945773496,0.28343700159489654,3.2937778842918295,4.617927221221899,-0.09999999999999994,4.0,0
2000-07-31,-0.346212121212121,0.19762121212121228,3.4889166744964144,4.265201136164617,0.03333333333333351,4.0,0
2000-08-31,-0.35738471673254235,-0.101449934123847,3.5618355192350344,3.8058523463111786,0.09999999999999994,4.1,0
2000-09-30,-0.32336956521739096,-0.3052681159420286,3.469020875678685,3.604026046426101,0.06666666666666658,3.9,0
2000-10-31,-0.28630607315389894,-0.4611649413388541,3.4193698897545155,3.1188160113716905,-0.03333333333333351,3.9,0
2000-11-30,-0.2048015873015876,-0.5237460317460313,3.4503345123770317,2.7107177382520926,-0.1333333333333333,3.9,1
2000-12-31,-0.14780158730158752,-0.6305793650793646,3.4435088887033203,1.634372726296766,-0.09999999999999994,3.9,1
2001-01-31,0.04378571428571417,-0.4866111111111107,3.533801480505956,0.9955162522524746,0.03333333333333351,4.2,1
2001-02-28,0.2438525480367586,-0.24236716791979931,3.562211894552813,0.19019166485709058,0.20000000000000018,4.2,1
2001-03-31,0.4620798207640311,0.106466165413534,3.411024288887783,-0.43049751600027575,0.3333333333333335,4.3,1
2001-04-30,0.6307623604465707,0.5395614035087721,3.2433747317616533,-1.2497867445245168,0.3000000000000001,4.4,1
2001-05-31,0.8605151515151516,1.0710606060606063,3.254598847576202,-1.9912318008820022,0.23333333333333325,4.3,1
2001-06-30,1.0808831168831168,1.527409812409812,3.3251003044704768,-2.7312053497628628,0.16666666666666666,4.5,1
2001-07-31,1.177756132756133,1.6833621933621936,3.159508987499992,-3.302303047467984,0.16666666666666638,4.6,1
2001-08-31,1.2052726017943411,1.6317943409247757,2.8789750632223954,-3.5790852844419665,0.3333333333333333,4.9,1
2001-09-30,1.341491089189299,1.7385823894775303,2.678376859083668,-3.9817323120015473,0.4333333333333333,5.0,1
2001-10-31,1.555921103619313,1.980660311555452,2.480435937467443,-4.20406251433291,0.6000000000000002,5.3,1
2001-11-30,1.7742834224598931,2.384500891265597,2.204733251839859,-4.678524579086333,0.6,5.5,1
2001-12-31,1.8968030303030303,2.827196969696969,1.8752331260311277,-4.753397506963755,0.6666666666666666,5.7,0
2002-01-31,1.9523730158730164,3.154484126984127,1.5646465252782935,-4.500769546789699,0.5666666666666668,5.7,0
2002-02-28,1.9614782790309107,3.291063074352548,1.31197630992151,-3.8324563648528205,0.43333333333333357,5.7,0
2002-03-31,1.876811612364244,3.321563074352548,1.2317084729315617,-2.953361075265356,0.20000000000000018,5.7,0
2002-04-30,1.803665869218501,3.3598819776714515,1.3810721920967766,-2.160932564439777,0.13333333333333344,5.9,0
2002-05-31,1.805045454545455,3.443,1.4158958944331606,-1.2920372629102763,0.09999999999999994,5.8,0
2002-06-30,1.874045454545455,3.3548333333333336,1.3180144852859967,-0.27257016654930916,0.13333333333333316,5.8,0
2002-07-31,1.9767727272727276,3.179378787878788,1.2585556522726409,0.6754399880314863,0.03333333333333292,5.8,0
2002-08-31,2.0511666666666666,2.9146818181818177,1.4274318576947824,1.3340306919969978,-0.03333333333333351,5.7,0
2002-09-30,2.0285,2.5868484848484847,1.5763600120778813,1.742415198958062,-0.09999999999999994,5.7,0
2002-10-31,2.0060757575757577,2.383969696969697,1.7634975441985032,1.9673634323941982,-0.09999999999999964,5.7,0
2002-11-30,2.0066180223285492,2.4451977671451357,1.9321834665722823,2.5903702058205247,2.9605947323337506e-16,5.9,0
2002-12-31,2.116848181058707,2.6486739576213263,2.253606242919799,2.8351468872633663,0.13333333333333344,6.0,0
2003-01-31,2.208897243107769,2.824878863826232,2.497082696300593,3.1210130203865614,0.19999999999999987,5.8,0
2003-02-28,2.258721804511278,2.799440267335004,2.794598125957185,3.0444158502035745,0.13333333333333316,5.9,0
2003-03-31,2.27110275689223,2.744360902255639,2.976244628977786,2.8079322163452587,0.0,5.9,0
2003-04-30,2.281420217209691,2.726583124477861,2.782134329257623,2.140489962252945,0.03333333333333351,6.0,0
2003-05-31,2.241111111111111,2.647777777777778,2.364828663289945,1.292226303585679,0.09999999999999994,6.1,0
2003-06-30,2.199047619047619,2.5617460317460314,2.0060169871718356,0.5489546244693039,0.26666666666666633,6.3,0
2003-07-31,2.254105339105339,2.64468253968254,1.9661603430207133,0.35501794590698443,0.26666666666666633,6.2,0
2003-08-31,2.396486291486291,2.976428571428571,2.0734656977431,0.2691236995793805,0.19999999999999987,6.1,0
2003-09-30,2.5501370851370857,3.2834126984126986,2.216646873873595,0.602323850531883,0.0,6.1,0
2003-10-31,2.5639249639249635,3.381291486291486,2.21210922364059,0.8653135493040477,-0.13333333333333344,6.0,0
2003-11-30,2.494718614718615,3.3384872534872536,2.1162119481915664,1.20124528527605,-0.2333333333333334,5.8,0
2003-12-31,2.42550505050505,3.34986531986532,2.0018402602853143,1.5490650840453426,-0.2999999999999998,5.7,0
2004-01-31,2.374429292929293,3.3169865319865317,1.9966217140151412,1.5491937029983565,-0.33333333333333304,5.7,0
2004-02-29,2.364721690590111,3.2475518341307814,1.9166478818131376,1.6756456935038282,-0.2999999999999998,5.6,0
2004-03-31,2.327468726163234,3.0875057208237986,1.8182720844726639,1.556374859815061,-0.13333333333333344,5.8,0
2004-04-30,2.289857615052123,3.134013657331735,1.9070352355286566,2.0026296466299427,-0.06666666666666703,5.6,0
2004-05-31,2.2357874396135267,3.3128557625948933,2.3101369618113776,2.5420273876073636,-2.9605947323337506e-16,5.6,0
2004-06-30,2.143047619047619,3.5037460317460316,2.786000899373123,2.8155792104482047,-0.10000000000000024,5.6,0
2004-07-31,2.004000000000001,3.4207301587301586,3.001667224523537,2.8388232988929154,-0.09999999999999994,5.5,0
2004-08-31,1.867727272727273,3.1214574314574315,2.884889603311931,2.703446404219774,-0.16666666666666638,5.4,0
2004-09-30,1.7443939393939394,2.7876479076479073,2.6753896287359686,2.7040372325760953,-0.16666666666666607,5.4,0
2004-10-31,1.628719336219336,2.5083225108225107,2.759169166371444,2.8743349079269636,-0.13333333333333286,5.5,0
2004-11-30,1.4849920634920633,2.2777619047619044,3.1172345488270707,2.802519233654344,-0.06666666666666643,5.4,0
2004-12-31,1.3578636363636363,2.132393939393939,3.384951229497483,3.169968640360377,0.0,5.4,0
2005-01-31,1.1866969696969696,1.9817272727272728,3.269604513429132,3.3599418826086747,-0.06666666666666672,5.3,0
2005-02-28,0.9995390749601274,1.8148237639553428,3.0800727213263763,3.7363360419437774,-0.06666666666666672,5.4,0
2005-03-31,0.8501451355661884,1.7127025518341312,3.0349137886791717,3.9421361189932225,-0.13333333333333344,5.2,0
2005-04-30,0.7461927546138071,1.5972977899293685,3.207220154304746,4.022398880430548,-0.09999999999999994,5.2,0
2005-05-31,0.6528427128427127,1.4828282828282824,3.1459740696997707,3.842829278809505,-0.20000000000000018,5.1,0
2005-06-30,0.5151154401154397,1.2361616161616158,2.9240359820511976,3.998214632149255,-0.20000000000000018,5.0,0
2005-07-31,0.38823448773448765,1.0313997113997113,2.82582507419713,3.8393455861200203,-0.2333333333333337,5.0,0
2005-08-31,0.2941627140974969,0.865388669301713,3.085040563993642,3.9873839271689637,-0.19999999999999987,4.9,0
2005-09-30,0.2592060041407868,0.7797032436162872,3.8186427341752918,2.9949628104438055,-0.13333333333333316,5.0,0
2005-10-31,0.2212060041407867,0.7067032436162872,4.24629093054923,2.491983147502745,-0.06666666666666643,5.0,0
2005-11-30,0.18795238095238073,0.645420634920635,4.1434960493942645,2.1968092241655377,0.033333333333333215,5.0,0
2005-12-31,0.1246190476190477,0.5758968253968256,3.6757348188830137,2.51963001316022,0.0,4.9,0
2006-01-31,0.06728571428571446,0.3788968253968255,3.565296259632074,2.6524866190077696,-0.09999999999999994,4.7,0
2006-02-28,-0.005372180451127899,0.20188805346700076,3.665197533242266,2.2565412198304733,-0.19999999999999987,4.8,0
2006-03-31,-0.02965789473684192,0.06852021357742188,3.6916536531380153,2.078419348035184,-0.2333333333333334,4.7,0
2006-04-30,-0.002631578947368318,0.13150266971777272,3.556669214654954,1.9991307157077607,-0.13333333333333344,4.7,0
2006-05-31,0.07779904306220153,0.21289022952638526,3.66967557766132,2.129607507681249,-0.13333333333333344,4.6,0
2006-06-30,0.0759808612440193,0.2437400318979265,3.9242776239420585,2.092539795953019,-0.10000000000000024,4.6,0
2006-07-31,0.031787878787879066,0.15775757575757568,4.0878887014274,2.115947216326512,-0.10000000000000024,4.7,0
2006-08-31,-0.024470355731225208,-0.0047588932806323925,4.070987151506984,2.1997152031288456,0.0,4.7,0
2006-09-30,-0.03598550724637691,-0.13797101449275365,3.3477698577253574,2.9449114992462833,2.9605947323337506e-16,4.5,0
2006-10-31,-0.04787439613526582,-0.24735196687370622,2.4483229967569384,3.143666849497795,-0.09999999999999964,4.4,0
2006-11-30,-0.08730158730158759,-0.3354126984126988,1.7957011960585998,2.908732035081903,-0.19999999999999987,4.5,0
2006-12-31,-0.106968253968254,-0.401246031746032,1.9663363141878696,2.227000696725401,-0.19999999999999987,4.4,0
2007-01-31,-0.12363492063492092,-0.41076984126984123,2.1894818808451117,1.8325217194456382,-0.03333333333333351,4.6,0
2007-02-28,-0.11732748538011695,-0.3982468671679194,2.3400012498219653,2.1382541354698303,0.033333333333333215,4.5,0
2007-03-31,-0.08402445507708685,-0.4338983823194343,2.4314077521381257,2.258277473187413,0.06666666666666643,4.4,0
2007-04-30,-0.03592921698184822,-0.42294600136705335,2.6037942805397685,2.6725895667747004,-0.033333333333333215,4.5,0
2007-05-31,-0.0004906204906204673,-0.3165584415584413,2.7003359339816306,2.8060846604373357,-0.06666666666666643,4.4,0
2007-06-30,0.0433333333333333,-0.024422799422799457,2.6651918733250635,2.867161640634967,0.0,4.6,0
2007-07-31,0.0958730158730156,0.09430735930735896,2.573513814380882,2.779108256521127,0.09999999999999994,4.7,0
2007-08-31,0.22311939268460979,0.2540372670807451,2.302701393123636,2.583075743022497,0.1999999999999996,4.6,1
2007-09-30,0.35232574189095917,0.30950928044749526,2.349721831792317,2.608437675545694,0.16666666666666666,4.7,1
2007-10-31,0.4772463768115937,0.47006483600305077,2.7806577581362064,2.5999331629905753,0.09999999999999994,4.7,1
2007-11-30,0.6273333333333331,0.615456140350877,3.6059307074134694,2.8722718309796407,0.06666666666666703,4.7,1
2007-12-31,0.7841666666666666,0.7833333333333332,4.030926361559224,2.676557692218458,0.13333333333333344,5.0,1
2008-01-31,1.020357142857143,0.9164285714285715,4.258925458105392,2.6086459716493335,0.2333333333333334,5.0,1
2008-02-29,1.3378571428571426,1.1729285714285713,4.18215610606516,1.8924835202215664,0.2666666666666666,4.9,1
2008-03-31,1.642023809523809,1.5714285714285712,4.137519491970794,1.3492994112978034,0.19999999999999987,5.1,1
2008-04-30,1.7617424242424242,2.051060606060606,4.007207932245071,0.29697917502398896,0.09999999999999994,5.0,1
2008-05-31,1.6516709956709956,2.2351320346320347,3.989026116415746,-0.5358835858739788,0.19999999999999987,5.4,1
2008-06-30,1.4625757575757576,2.2293145743145746,4.30938030168689,-1.302003996460299,0.3333333333333333,5.6,1
2008-07-31,1.3981818181818184,2.2258297258297257,4.840630669137897,-1.7072638195365972,0.6,5.8,1
2008-08-31,1.4084992784992785,2.231544011544011,5.247165115460313,-2.4555877707824822,0.6666666666666664,6.1,1
2008-09-30,1.503261183261183,2.3417027417027416,5.2529497051897165,-4.590619572284908,0.6666666666666664,6.1,1
2008-10-31,1.759018759018759,2.60018759018759,4.664131642394608,-6.2558765253556965,0.6333333333333332,6.5,1
2008-11-30,2.041902356902357,3.0001611351611355,3.261431745236423,-7.91805877408085,0.6333333333333334,6.8,1
2008-12-31,2.0370538720538724,2.9477441077441076,1.6029157860064458,-8.966779325281967,0.8666666666666668,7.3,1
2009-01-31,1.873281144781145,2.701016835016835,0.3213678163468989,-11.106862572702155,1.0666666666666667,7.8,1
2009-02-28,1.7335637958532697,2.4483365231259966,-0.04245029363482574,-12.73783028822062,1.3333333333333337,8.3,1
2009-03-31,1.8311395534290273,2.5221244019138758,-0.18386721533766734,-13.864444376002135,1.4000000000000001,8.7,1
2009-04-30,1.9276395534290272,2.649140274929749,-0.3381133504558604,-14.344241596930338,1.366666666666667,9.0,1
2009-05-31,2.0838939393939397,2.829561327561328,-0.6795215626314213,-14.876785202551508,1.2333333333333332,9.4,1
2009-06-30,2.3004090909090906,3.1427431457431454,-0.9404201794809318,-15.085600310068138,1.0333333333333334,9.5,1
2009-07-31,2.4814696969696968,3.345939393939394,-1.4012323726094553,-14.820520739388373,0.8000000000000002,9.5,0
2009-08-31,2.517604617604617,3.4456854256854257,-1.5572570627666524,-13.663500065353125,0.5,9.6,0
2009-09-30,2.486933621933622,3.3574819624819625,-1.6068464776585047,-10.83796631663752,0.3333333333333333,9.8,0
2009-10-31,2.452063492063492,3.3357142857142854,-1.0285822411378585,-8.656563508334292,0.3333333333333333,10.0,0
2009-11-30,2.494586466165414,3.314143692564745,0.1042253391280384,-6.703467903216498,0.36666666666666714,9.9,0
2009-12-31,2.584499886078834,3.399771398192451,1.5015806678263182,-5.336249235348063,0.3000000000000001,9.9,0
2010-01-31,2.7063795853269546,3.519186602870814,2.4499405622186696,-2.5539770280085246,0.06666666666666703,9.8,0
2010-02-28,2.7846251993620417,3.596379585326954,2.5288569566838697,0.012966502389218704,-0.06666666666666643,9.8,0
2010-03-31,2.8023722349351643,3.6102135774218156,2.352873062057077,2.3145982446763655,-0.09999999999999964,9.9,0
2010-04-30,2.7964232716177793,3.614535746480827,2.214759516574985,3.8332335659430172,0.0,9.9,0
2010-05-31,2.7148530961791835,3.5071673254281954,2.1654970403589986,5.85716402292327,-0.033333333333333805,9.6,0
2010-06-30,2.618469696969697,3.341666666666667,1.7772934252725445,7.307382702693669,-0.20000000000000048,9.4,0
2010-07-31,2.4879357864357865,3.0647546897546896,1.488629334589767,8.080317185657998,-0.40000000000000036,9.4,0
2010-08-31,2.3508297258297257,2.8259668109668112,1.204172204687329,7.75569493671383,-0.36666666666666653,9.5,0
2010-09-30,2.246854256854257,2.6310533910533915,1.203089422408846,7.02081292248116,-0.16666666666666666,9.5,0
2010-10-31,2.169933621933622,2.4816168831168834,1.1450616452252975,6.358561156411599,0.0,9.4,0
2010-11-30,2.2135396825396825,2.5070714285714284,1.1231840575883254,5.833983121374831,0.13333333333333344,9.8,0
2010-12-31,2.3819090909090908,2.7251666666666665,1.229677649249912,5.717155909243566,0.033333333333333805,9.3,0
2011-01-31,2.5870757575757577,3.0039999999999996,1.4077070967737502,5.341237919982796,-0.06666666666666643,9.1,0
2011-02-28,2.7519704944178627,3.2787368421052627,1.7544915623513526,4.818689794993184,-0.43333333333333357,9.0,0
2011-03-31,2.766713577421815,3.3333745232646836,2.1483077250634097,4.2176314249088485,-0.4666666666666674,9.0,0
2011-04-30,2.7470469107551487,3.3848745232646835,2.607124709491374,3.84190752348346,-0.36666666666666714,9.1,0
2011-05-31,2.6835966183574875,3.279344030365769,3.0518159453458256,3.3157500272557443,-0.10000000000000024,9.0,0
2011-06-30,2.6418838383838383,3.163039682539683,3.346174825439803,2.707701922375953,0.033333333333333215,9.1,0
2011-07-31,2.600550505050505,3.019373015873016,3.513723669510719,2.367301768562343,0.0,9.0,0
2011-08-31,2.420308959156785,2.7363985507246373,3.6123983861145788,2.550769255266557,0.0,9.0,0
2011-09-30,2.144306073153899,2.401874741200828,3.71583290017546,2.5652701742040227,-0.06666666666666643,9.0,0
2011-10-31,1.9026394064872327,2.124374741200828,3.6966286180636048,2.8759644076089814,-0.09999999999999964,8.8,0
2011-11-30,1.7984365079365077,2.0313095238095236,3.5954406793548217,3.0486728172171866,-0.2333333333333331,8.6,0
2011-12-31,1.7841507936507934,2.033055555555556,3.345255727888388,3.1975897063472147,-0.36666666666666653,8.5,0
2012-01-31,1.7356507936507934,1.9660555555555554,3.174088463662205,3.2891852260819214,-0.4666666666666668,8.3,0
2012-02-29,1.7121507936507936,1.9247222222222222,2.9896705395840915,3.6630948497927585,-0.43333333333333296,8.3,0
2012-03-31,1.7478939393939392,1.965378787878788,2.829940020554995,3.6529475417195463,-0.36666666666666653,8.2,0
2012-04-30,1.7595447330447331,1.977727994227994,2.58473903260478,3.7239569163705704,-0.2333333333333337,8.2,0
2012-05-31,1.7024386724386724,1.9237734487734486,2.1979938643110093,3.5837445723566588,-0.16666666666666785,8.2,0
2012-06-30,1.5365367965367966,1.737878787878788,1.8883255866328545,3.8776973603580753,-0.06666666666666761,8.2,0
2012-07-31,1.3757431457431457,1.558037518037518,1.6031082885367285,3.715913402092715,-0.033333333333333805,8.2,0
2012-08-31,1.339537612146308,1.5120427881297447,1.5857722812087447,3.138275173187281,-0.033333333333333215,8.1,0
2012-09-30,1.3853437942682796,1.5410235734263196,1.6843877645368537,2.6664772207371734,-0.16666666666666638,7.8,0
2012-10-31,1.4488358577603428,1.6116584940612402,1.9304432911003397,2.174585419780539,-0.29999999999999954,7.8,0
2012-11-30,1.4409807852965748,1.606607769423559,1.9671382204038406,2.1879710638438783,-0.39999999999999947,7.7,0
2012-12-31,1.439015873015873,1.6169761904761906,1.9037342475397043,2.0985305786263195,-0.2333333333333328,7.9,0
2013-01-31,1.4991746031746034,1.6833253968253967,1.7465288150601586,1.9331265603213523,-0.03333333333333292,8.0,0
2013-02-28,1.6094553049289892,1.7915797827903093,1.8205690773484433,1.6893932984226183,0.10000000000000024,7.7,0
2013-03-31,1.6892886382623225,1.8654131161236425,1.7403164978267986,1.858692191163003,-0.06666666666666672,7.5,0
2013-04-30,1.6483867623604465,1.8182846889952156,1.558565259652988,1.9479497541603905,-0.2666666666666669,7.6,0
2013-05-31,1.6353484848484847,1.8178939393939393,1.3493147055403973,1.9362577095839477,-0.33333333333333365,7.5,0
2013-06-30,1.7236818181818183,1.9442272727272727,1.414996800884482,1.679540286741684,-0.20000000000000018,7.5,0
2013-07-31,1.9618636363636366,2.22680303030303,1.6638847201641285,1.5201591376227157,-0.16666666666666666,7.3,0
2013-08-31,2.196257575757576,2.4966515151515156,1.7133582737243185,1.7534522638870678,-0.19999999999999987,7.2,0
2013-09-30,2.342590909090909,2.6779848484848485,1.5063384673969609,2.1168477061020505,-0.2999999999999998,7.2,0
2013-10-31,2.355621212121212,2.6852575757575754,1.170114246755408,2.5106557385280635,-0.2333333333333331,7.2,0
2013-11-30,2.3668971291866026,2.6708875598086124,1.0681344826204635,2.518192109952244,-0.2333333333333331,6.9,0
2013-12-31,2.4190320498215234,2.6848002582213106,1.2075025688146404,2.315051356366127,-0.2999999999999998,6.7,0
2014-01-31,2.4803091060985794,2.7668421052631573,1.4344891195092295,2.1279793369002653,-0.4666666666666668,6.6,0
2014-02-28,2.4696073517126145,2.7689473684210526,1.3970239323682458,2.0835272875971573,-0.43333333333333357,6.7,0
2014-03-31,2.3904010025062656,2.7141854636591476,1.4303094480960707,2.2431152874841285,-0.2666666666666669,6.7,0
2014-04-30,2.331670843776107,2.667360066833751,1.5827649507731554,2.59501325053052,-0.19999999999999987,6.2,0
2014-05-31,2.260793650793651,2.623968253968254,1.9315893015422612,2.9541524246212223,-0.2666666666666666,6.3,0
2014-06-30,2.2014285714285715,2.5879365079365084,2.080351561760133,3.168063645621474,-0.4666666666666668,6.1,0
2014-07-31,2.117366522366522,2.5351443001443,2.0667224173349426,3.5032193838057446,-0.33333333333333365,6.2,0
2014-08-31,2.043239538239538,2.4886363636363638,1.9161059710739738,3.4696449055398,-0.2666666666666669,6.1,0
2014-09-30,1.9837157287157288,2.4724458874458874,1.7911290632502366,3.3138421688526614,-0.13333333333333316,5.9,0
2014-10-31,1.9246248196248195,2.3962337662337663,1.669563673857147,3.005228100784233,-0.2999999999999998,5.7,0
2014-11-30,1.8748629148629146,2.3684824434824434,1.5083725541984443,3.0921622669781232,-0.33333333333333304,5.8,0
2014-12-31,1.7429292929292928,2.2564478114478113,1.1647293611448148,3.182848659726974,-0.36666666666666686,5.6,0
2015-01-31,1.5667171717171717,2.112023569023569,0.5515718010258958,3.094280038817025,-0.20000000000000018,5.7,0
2015-02-28,1.419377990430622,1.9965167464114835,0.11205298360722793,2.4004905339584215,-0.20000000000000018,5.5,0
2015-03-31,1.3628628389154702,1.9421228070175438,-0.11299790852150293,1.3427436510790258,-0.16666666666666638,5.4,0
2015-04-30,1.384529505582137,1.9613955342902711,-0.07103124558433042,0.21917765212524287,-0.26666666666666633,5.4,0
2015-05-31,1.4619242424242422,2.035939393939394,-0.030343018524496685,-0.7025643388898808,-0.13333333333333316,5.6,0
2015-06-30,1.5528333333333337,2.1471515151515153,0.03685801286847864,-1.403778431863774,-0.10000000000000024,5.3,0
2015-07-31,1.6401060606060607,2.273969696969697,0.1467637130134308,-1.7523968983934488,-0.06666666666666703,5.2,0
2015-08-31,1.6004473304473308,2.2453823953823955,0.21552057311016112,-1.8273788646926412,-0.2666666666666669,5.1,0
2015-09-30,1.5286219336219338,2.178694083694084,0.15861095706986697,-1.872162602761799,-0.3333333333333333,5.0,0
2015-10-31,1.4514285714285713,2.099047619047619,0.1259211069463874,-2.217080406796512,-0.3333333333333333,5.0,0
2015-11-30,1.421060985797828,2.112915622389307,0.19092591307439802,-2.999625271686542,-0.16666666666666666,5.1,0
2015-12-31,1.3545530492898914,2.0680887825624668,0.40088650970850104,-3.751426395055827,-0.06666666666666672,5.0,0
2016-01-31,1.274736842105263,1.9929425837320573,0.7708484903831279,-3.9218230458057275,-0.06666666666666672,4.8,0
2016-02-29,1.1639298245614034,1.768995215311005,0.907834944414509,-3.617243533648125,-0.13333333333333316,4.9,0
2016-03-31,1.0819601275917063,1.628237639553429,0.9921320594197475,-3.2902990631741034,-0.13333333333333316,5.0,0
2016-04-30,1.0324112554112552,1.5446536796536796,0.970506475306113,-3.097514955303741,0.03333333333333351,5.1,0
2016-05-31,1.0137445887445886,1.566161616161616,1.0475727696767665,-2.873789384238379,0.06666666666666643,4.8,0
2016-06-30,0.9799567099567099,1.4926767676767678,1.1101295824246824,-2.261391566354472,0.033333333333333215,4.9,0
2016-07-31,0.911409090909091,1.3679624819624818,1.0087087799907961,-2.107669762395137,-0.16666666666666666,4.8,0
2016-08-31,0.8544525691699606,1.2771067193675891,1.0009885791378175,-2.013039771795784,-0.09999999999999964,4.9,0
2016-09-30,0.8367180814354729,1.2653823326432023,1.1574412742609095,-2.1183176719275685,-0.033333333333333215,5.0,0
2016-10-31,0.8667180814354728,1.342048999309869,1.4299618153248497,-1.8868652873328688,0.10000000000000024,4.9,0
2016-11-30,0.9811746031746033,1.4862301587301587,1.6396343527959187,-1.560870218660589,0.0,4.7,0
2016-12-31,1.1264126984126985,1.7008333333333334,1.8070191165781748,-0.9030518087422611,-0.13333333333333316,4.7,0
2017-01-31,1.2279126984126985,1.861,2.0818419105826633,-0.6699674792261003,-0.2333333333333334,4.7,0
2017-02-28,1.2463776106934001,1.9287105263157895,2.457184647032839,-0.5033612253182734,-0.20000000000000018,4.6,0
2017-03-31,1.2041967963386728,1.846681540808543,2.5873170887152237,-0.25779349991135164,-0.20000000000000018,4.4,0
2017-04-30,1.147635392829901,1.7051639969488939,2.4759271299346515,0.4763495839876639,-0.2333333333333334,4.4,0
2017-05-31,1.0756098744885931,1.5411049857846197,2.1579209584121695,1.2885290407658438,-0.26666666666666633,4.4,0
2017-06-30,0.9675598086124403,1.359043062200957,1.8910441495454986,1.5432370726321274,-0.19999999999999987,4.3,0
2017-07-31,0.9306212121212122,1.2732272727272729,1.7406721091259028,1.449735675899296,-0.13333333333333344,4.3,0
2017-08-31,0.8879861660079053,1.198727931488801,1.7645982393042374,1.1504764136979837,-0.06666666666666703,4.4,0
2017-09-30,0.8789710144927536,1.1879855072463767,1.9445980461082548,1.0113773390905172,-0.03333333333333351,4.3,0
2017-10-31,0.8339630779848172,1.1997077294685992,2.0431481802668805,1.4024435434515112,-0.033333333333333215,4.2,0
2017-11-30,0.7615476190476191,1.1750079365079367,2.124605615933076,2.107099772485825,-0.09999999999999994,4.2,0
2017-12-31,0.6752142857142859,1.1435079365079366,2.107727445660101,2.5751363841946096,-0.16666666666666666,4.1,0
2018-01-31,0.5890238095238095,1.1050952380952381,2.1512478173039207,2.7229003654922423,-0.20000000000000018,4.0,0
2018-02-28,0.5980296574770259,1.161160401002506,2.1815728395693523,2.8673087631360232,-0.16666666666666696,4.1,0
2018-03-31,0.600751879699248,1.1793984962406014,2.248579187935247,3.1198630292112823,-0.13333333333333344,4.0,0
2018-04-30,0.5783709273182956,1.155906432748538,2.3551383326156983,3.3113534083857794,-0.06666666666666672,4.0,0
2018-05-31,0.5057792207792208,1.0916161616161617,2.527955891532577,2.930995007563564,-0.13333333333333316,3.8,0
2018-06-30,0.44323953823953827,1.0454256854256856,2.686822867847271,2.803072504330077,-0.09999999999999994,4.0,0
2018-07-31,0.37577922077922077,0.9832034632034633,2.8145323623328142,2.7845944268267586,-0.16666666666666666,3.8,0
2018-08-31,0.3049689440993788,0.8959834368530023,2.7681997786767347,3.4829834723108006,-0.06666666666666672,3.8,0
2018-09-30,0.2573916675747337,0.8499182739457339,2.609701249415004,3.973912583541876,-0.16666666666666666,3.7,0
2018-10-31,0.2603858955689617,0.8381866722141319,2.4890038109670454,3.866093590266525,-0.09999999999999994,3.8,0
2018-11-30,0.26189314194577323,0.8136794258373202,2.323805384564884,3.3371188233106146,-0.09999999999999994,3.8,0
2018-12-31,0.23522647527910667,0.674205741626794,2.2139139840753104,2.762928020949829,0.06666666666666658,3.9,0
2019-01-31,0.1949306599832917,0.4845087719298247,1.8790996132790037,2.4231862978223035,0.1333333333333333,4.0,0
2019-02-28,0.16629908103592342,0.31631578947368455,1.6696105991004753,1.8708458945998006,0.1333333333333333,3.8,0
2019-03-31,0.1680033416875526,0.21518796992481226,1.6298790814225725,1.2252799724457217,0.03333333333333336,3.8,0
2019-04-30,0.17371762740183794,0.15169590643274855,1.8008771188825483,0.2464838173928472,-0.1333333333333333,3.7,0
2019-05-31,0.17922799422799404,0.06949494949494935,1.8932267922920236,-0.1267821100478145,-0.19999999999999987,3.6,0
2019-06-30,0.2120851370851368,-0.01805266955266971,1.8225629733199071,-0.5906117103571656,-0.2333333333333331,3.6,0
2019-07-31,0.22424242424242405,-0.07986363636363647,1.7644789282625764,-0.7081810250110564,-0.13333333333333316,3.7,0
2019-08-31,0.1796969696969696,-0.19850000000000004,1.7450558133645853,-1.1513539973991884,-0.06666666666666658,3.6,0
2019-09-30,0.11019696969696964,-0.22833333333333328,1.749490083247621,-1.4848621355792713,-0.03333333333333336,3.5,0
2019-10-31,0.08731818181818178,-0.19030303030303028,1.7187042047748082,-1.845535796022731,-0.06666666666666672,3.6,1
2019-11-30,0.1354760765550238,0.011060606060605993,1.8369205995069002,-2.081511327133312,-0.06666666666666672,3.6,1
2019-12-31,0.20148401306296027,0.18860028860028835,2.0485971881479967,-2.2687524726332806,0.0,3.6,1
2020-01-31,0.22918964076858805,0.2476190476190475,2.337195280556854,-2.2123870917714172,0.03333333333333336,3.6,1
2020-02-29,0.22041771094402676,0.15411027568922306,2.4202040421890554,-2.0042605092901713,0.0,3.5,1
2020-03-31,0.2778491683754843,0.24641907799802545,2.1450415402985454,-3.0095519183077286,0.2333333333333334,4.4,1
2020-04-30,0.34261107313738903,0.35118098275993015,1.3828013126971825,-8.018853000262085,3.9666666666666672,14.8,1
2020-05-31,0.45272510822510825,0.5468564213564213,0.668429520638961,-12.893691776768264,7.233333333333333,13.2,0
2020-06-30,0.49333116883116884,0.5450382395382395,0.40930162693633826,-14.650695013165729,9.166666666666666,11.0,0
2020-07-31,0.507530303030303,0.5374696969696969,0.6372407831192337,-11.139115912516104,3.899999999999999,10.2,0
2020-08-31,0.5098556998556999,0.5372077922077922,0.9981969651084105,-7.960617189445206,-0.9333333333333336,8.4,0
2020-09-30,0.5102308802308803,0.5378282828282829,1.2229858344598548,-6.492962916515958,-4.2,7.8,0
2020-10-31,0.5642857142857143,0.601111111111111,1.3008263612189757,-5.77267574922109,-3.7666666666666657,6.9,0
2020-11-30,0.6288638262322473,0.6788554720133667,1.265718149315042,-5.18970339431439,-2.733333333333333,6.7,0
2020-12-31,0.7131856155540367,0.7706592238171185,1.2421835627618962,-4.222504301938471,-2.0333333333333328,6.7,0
2021-01-31,0.8173125996810207,0.8742264752791069,1.2900026863729221,-3.3914712683969213,-1.0999999999999999,6.4,0
2021-02-28,0.9634529505582137,1.0196650717703348,1.4546932081496224,-3.697222068588161,-0.6999999999999998,6.2,0
2021-03-31,1.1855148741418764,1.2640655987795575,1.9038264249783714,-2.2687801929533937,-0.5333333333333335,6.1,0
2021-04-30,1.3594542680812705,1.4696397614589831,2.8235708921984823,3.9584596531683265,-0.46666666666666706,6.1,0
2021-05-31,1.467243741765481,1.5988853754940713,3.9063843289641293,11.076445355350458,-0.43333333333333385,5.8,0
2021-06-30,1.418060606060606,1.5667575757575758,4.782322275059399,13.727970527501478,-0.3000000000000001,5.9,0
2021-07-31,1.293803751803752,1.4507907647907647,5.153019697042286,10.0438875824912,-0.43333333333333296,5.4,0
2021-08-31,1.1604401154401156,1.326002886002886,5.2309391011510655,6.239817146746333,-0.5333333333333329,5.1,0
2021-09-30,1.0995887445887447,1.275894660894661,5.2494667580174434,4.257850630582768,-0.8666666666666666,4.7,0
2021-10-31,1.1299062049062047,1.3639978354978357,5.579424427680387,3.612178838736187,-0.9333333333333336,4.5,0
2021-11-30,1.1251031746031745,1.4571190476190476,6.1627427949826865,3.4909713233379804,-1.0333333333333334,4.1,0
2021-12-31,1.0088333333333332,1.481621212121212,6.770451026354821,3.2355966936401117,-0.9000000000000002,3.9,0
2022-01-31,0.8733333333333332,1.5109545454545454,7.211705471911411,2.4873510710157682,-0.7666666666666667,4.0,0
2022-02-28,0.6891491228070175,1.5481124401913877,7.556808259517062,2.998033439181217,-0.5,3.9,0
2022-03-31,0.5002360793287566,1.6394694889397405,8.022763153166501,3.267379196986235,-0.2999999999999998,3.7,0
2022-04-30,0.3089027459954233,1.761302822273074,8.247078167769631,3.8024796544879482,-0.2333333333333331,3.7,0
2022-05-31,0.23639648033126295,1.8565576259489305,8.44737564414438,2.6296252276469185,-0.26666666666666644,3.6,0
2022-06-30,0.21205555555555575,1.8313333333333333,8.583094356508361,2.018741561031386,-0.23333333333333325,3.6,0
2022-07-31,0.09555555555555562,1.3693333333333335,8.660036342159321,1.3671497177275598,-0.20000000000000004,3.5,0
2022-08-31,-0.11564527260179432,0.7929496204278812,8.55483900301824,1.08085318733292,-0.10000000000000009,3.6,0
2022-09-30,-0.2765976535541752,0.35707660455486545,8.292420934124914,1.4942729586919299,-0.10000000000000009,3.5,0
2022-10-31,-0.3604309868875084,0.19474327122153223,8.057833344112549,1.5263257678288624,0.0,3.6,0
2022-11-30,-0.4472063492063491,-0.007952380952381008,7.691259103550936,1.2052888757117743,0.0,3.6,0
2022-12-31,-0.5587936507936508,-0.3543015873015876,7.095423605528047,0.11741264337845259,0.03333333333333336,3.5,0
2023-01-31,-0.6536269841269845,-0.7766349206349211,6.618211792283745,-0.13125738368735895,-0.03333333333333336,3.5,0
2023-02-28,-0.7117410192147036,-0.97965246449457,6.229866552818112,-0.2154277910465369,-0.03333333333333336,3.6,0
2023-03-31,-0.7008024408848209,-1.1309016018306637,5.73423953966238,-0.06993187894395536,-0.03333333333333336,3.5,0
2023-04-30,-0.6608024408848207,-1.2834016018306638,5.275206660050472,-0.2376497848365872,-0.03333333333333336,3.4,0
2023-05-31,-0.5845823451910407,-1.514565876152833,4.66655015779979,-0.31634646067929156,-0.03333333333333336,3.6,0
2023-06-30,-0.6685367965367964,-1.6718881673881674,4.050849394502168,-0.4910878634018732,0.0,3.6,0
2023-07-31,-0.7928701298701298,-1.6637215007215007,3.496739190936811,-0.5337988512123303,0.06666666666666672,3.5,0
2023-08-31,-0.851447204968944,-1.5493077984817116,3.36029038164356,-0.48534596820178894,0.10000000000000009,3.7,0
2023-09-30,-0.7686376811594204,-1.3856014492753628,3.56582023668428,-0.277979715261071,0.10000000000000009,3.7,0
2023-10-31,-0.5488122843340235,-1.1248236714975848,3.553659117161907,-0.43191985556374846,0.20000000000000004,3.9,0
2023-11-30,-0.43068253968253994,-1.001055555555556,3.357272940857206,-0.3773275527834943,0.16666666666666666,3.7,0
2023-12-31,-0.36201587301587285,-1.082888888888889,3.2335073757208854,-0.008691952129913213,0.16666666666666652,3.8,0
2024-01-31,-0.36042857142857126,-1.279238095238095,3.179199734595683,-0.17601065295791032,-0.03333333333333336,3.7,0
2024-02-29,-0.3460873015873011,-1.3502380952380948,3.187109023614853,-0.2639741484304568,0.033333333333333215,3.9,0
2024-03-31,-0.32692063492063467,-1.2962380952380952,3.2440840134059745,-0.7292980592107329,0.03333333333333336,3.9,0
2024-04-30,-0.35003030303030286,-1.132515151515152,3.334901393317342,-0.6362485078404311,0.16666666666666652,3.9,0
2024-05-31,-0.36256060606060614,-1.045757575757576,3.363969540768814,-0.5398051087584435,0.09999999999999994,3.9,0
2024-06-30,-0.3799202551834131,-1.0261084529505586,3.1917772196232925,-0.09620925920637369,0.13333333333333316,4.1,0
2024-07-31,-0.3509808612440191,-1.1189872408293462,3.0520041087361682,-0.07138533075677896,0.16666666666666666,4.2,0
2024-08-31,-0.257799043062201,-1.269593301435407,2.839626077632476,-0.18472012576349325,0.2666666666666668,4.2,0
2024-09-30,-0.08027272727272734,-1.2687424242424241,2.6583677719306693,-0.8426925283737007,0.20000000000000018,4.1,0
2024-10-31,0.04321212121212089,-1.0819242424242426,2.5374905253683497,-0.8667262654219537,0.06666666666666658,4.1,0
2024-11-30,0.10753429027113189,-0.6951459330143543,2.574933182232615,-1.2510396387882092,-0.03333333333333351,4.2,0
2024-12-31,0.1291057188425607,-0.2954872028556241,2.7230024942220523,-0.9422744180830999,-0.03333333333333351,4.1,0
2025-01-31,0.20709273182957375,0.007485380116958614,2.860380578898258,-0.32769495864082643,-0.033333333333333215,4.0,0
2025-02-28,0.2546365914786967,0.1352046783625728,2.8877509077237584,0.46228063752715354,-0.033333333333333215,4.2,0
2025-03-31,0.3028905597326647,0.11663324979114413,2.7248477394889483,0.7470779705680813,2.9605947323337506e-16,4.2,0
2025-04-30,0.3509857978279029,0.0067919799498747935,2.502984380274904,0.7581945240409524,0.10000000000000024,4.2,0
2025-05-31,0.43857142857142867,-0.012063492063491665,2.361544933477155,0.5214069084444626,0.13333333333333344,4.3,0
2025-06-30,0.4999126984126984,-0.006150793650793555,2.461035734512047,0.5210987397815264,0.06666666666666643,4.1,0
2025-07-31,0.502618326118326,0.0014754689754686485,2.6001123418151484,0.8665700417254453,0.03333333333333292,4.3,0
2025-08-31,0.5216659451659448,-0.03265151515151595,2.787221220369658,1.2289217060555784,-2.9605947323337506e-16,4.3,0
2025-09-30,0.5408008658008655,-0.0018975468975475824,2.901260459970692,1.6695289453193505,0.13333333333333344,4.4,0
